Workbook

Sheet Bản xem trước
F2: HÓA ĐƠN
F3: GIÁ TRỊ GIA TĂNG | O3: Mẫu số: | P3: 01GTKT3/002
G4: Liên 2: | H4: Giao cho người mua | O4: Ký hiệu: | P4: KD/15P
F5: Ngày | G5: 21 | I5: tháng | J5: 01 | L5: năm 20 | N5: 16 | O5: Số:
C6: Đơn vị bán hàng: CÔNG TY CỔ PHẦN KIỂM ĐỊNH KỸ THUẬT, AN TOÀN VÀ TƯ VẤN XÂY DỰNG - INCOSAF
C7: Mã số thuế: | E7: 0100763132
C8: Địa chỉ: | E8: Số 243A Đê La Thành, Phường Láng Thượng, Quận Đống Đa, TP Hà Nội, Việt Nam
C9: Điện thoại: | E9: (84-4) 38527102 | G9: Fax: | I9: (84-4) 35740655
C10: Số tài khoản: | E10: 12110000039689 - BIDV - Chi nhánh Hai Bà Trưng - TP Hà Nội
C11: Họ tên người mua hàng:
C12: Tên đơn vị: | E12: Công ty TNHH Thủ công mỹ nghệ và nội thất Ngọc Sơn
C13: Địa chỉ: | D13: Thôn Tràng An, thị trấn Chúc Sơn, huyện Chương Mỹ, TP Hà Nội
C14: Mã số thuế: | E14: 0500416750
C15: Hình thức thanh toán: | F15: TM/CK | J15: Số tài khoản:
B16: STT | C16: Tên hàng hóa, dịch vụ | H16: Đơn vị tính | K16: Số lượng | O16: Đơn giá | P16: Thành tiền
B17: 1 | C17: 2 | H17: 3 | I17: 3 | K17: 4 | O17: 5 | P17: 6 = 4 x 5
H28: Cộng tiền hàng: | P28: =SUM(P18:P27) -> 0
E29: Thuế suất GTGT: | F29: 10 | H29: Tiền thuế GTGT: | P29: =P28*F29/100 -> 0
H30: Tổng cộng tiền thanh toán: | P30: =P28+P29 -> 0
E31: Số tiền viết bằng chữ:
C33: Người mua hàng | L33: Người bán hàng
C34: (Ký, ghi rõ họ tên) | L34: (Ký, đóng dấu, ghi rõ họ tên)
O37: Phạm Thị Loan
B38: (Cần kiểm tra, đối chiếu khi lập, giao, nhận hóa đơn)
B41: Loại hình | I41: Đơn vị tính | N41: Số lượng
B42: Kiểm định KTAT | I42: Cái
B43: Kiểm tra chất lượng hàng nhập khẩu | I43: H.Thống
B44: Đo điện trở tiếp địa | I44: TB
B45: Thiết kế móng
B46: Thí nghiệm

Sheet Bản in
F2: HÓA ĐƠN
F3: GIÁ TRỊ GIA TĂNG | O3: Mẫu số: | P3: 01GTKT3/002
G4: Liên 2: | H4: Giao cho người mua | O4: Ký hiệu: | P4: KD/15P
F5: Ngày | G5: ='Bản xem trước'!G5:H5 -> 21 | I5: tháng | J5: ='Bản xem trước'!J5:K5 -> 01 | L5: năm 20 | N5: ='Bản xem trước'!N5 -> 16 | O5: Số:
C6: Đơn vị bán hàng: CÔNG TY CỔ PHẦN KIỂM ĐỊNH KỸ THUẬT, AN TOÀN VÀ TƯ VẤN XÂY DỰNG - INCOSAF
C7: Mã số thuế: | E7: 0100763132
C8: Địa chỉ: | E8: Số 243A Đê La Thành, Phường Láng Thượng, Quận Đống Đa, TP Hà Nội, Việt Nam
C9: Điện thoại: | E9: (84-4) 38527102 | G9: Fax: | I9: (84-4) 35740655
C10: Số tài khoản: | E10: ='Bản xem trước'!E10 -> 12110000039689 - BIDV - Chi nhánh Hai Bà Trưng - TP Hà Nội
C11: Họ tên người mua hàng: | F11: ='Bản xem trước'!F11:Q11 -> 0
C12: Tên đơn vị: | E12: ='Bản xem trước'!E12 -> Công ty TNHH Thủ công mỹ nghệ và nội thất Ngọc Sơn
C13: Địa chỉ: | D13: ='Bản xem trước'!D13:Q13 -> Thôn Tràng An, thị trấn Chúc Sơn, huyện Chương Mỹ, TP Hà Nội
C14: Mã số thuế: | E14: ='Bản xem trước'!E14 -> 0500416750
C15: Hình thức thanh toán: | F15: ='Bản xem trước'!F15 -> TM/CK | J15: Số tài khoản: | O15: ='Bản xem trước'!O15 -> 0
B16: STT | C16: Tên hàng hóa, dịch vụ | H16: Đơn vị tính | K16: Số lượng | O16: Đơn giá | P16: Thành tiền
B17: 1 | C17: 2 | H17: 3 | I17: 3 | K17: 4 | O17: 5 | P17: 6 = 4 x 5
B18: ='Bản xem trước'!B18 -> 0 | C18: ='Bản xem trước'!C18:G18 -> 0 | H18: ='Bản xem trước'!H18:J18 -> 0 | K18: ='Bản xem trước'!K18:O18 -> 0 | O18: ='Bản xem trước'!O18 -> 0 | P18: =O18*K18 -> 0
B19: ='Bản xem trước'!B19 -> 0 | C19: ='Bản xem trước'!C19:G19 -> 0 | H19: ='Bản xem trước'!H19:J19 -> 0 | K19: ='Bản xem trước'!K19:O19 -> 0 | O19: ='Bản xem trước'!O19 -> 0 | P19: =O19*K19 -> 0
B20: ='Bản xem trước'!B20 -> 0 | C20: ='Bản xem trước'!C20:G20 -> 0 | H20: ='Bản xem trước'!H20:J20 -> 0 | K20: ='Bản xem trước'!K20:O20 -> 0 | O20: ='Bản xem trước'!O20 -> 0 | P20: =O20*K20 -> 0
B21: ='Bản xem trước'!B21 -> 0 | C21: ='Bản xem trước'!C21:G21 -> 0 | H21: ='Bản xem trước'!H21:J21 -> 0 | K21: ='Bản xem trước'!K21:O21 -> 0 | O21: ='Bản xem trước'!O21 -> 0 | P21: =O21*K21 -> 0
B22: ='Bản xem trước'!B22 -> 0 | C22: ='Bản xem trước'!C22:G22 -> 0 | H22: ='Bản xem trước'!H22:J22 -> 0 | K22: ='Bản xem trước'!K22:O22 -> 0 | O22: ='Bản xem trước'!O22 -> 0 | P22: =O22*K22 -> 0
B23: ='Bản xem trước'!B23 -> 0 | C23: ='Bản xem trước'!C23:G23 -> 0 | H23: ='Bản xem trước'!H23:J23 -> 0 | K23: ='Bản xem trước'!K23:O23 -> 0 | O23: ='Bản xem trước'!O23 -> 0 | P23: =O23*K23 -> 0
B24: ='Bản xem trước'!B24 -> 0 | C24: ='Bản xem trước'!C24:G24 -> 0 | H24: ='Bản xem trước'!H24:J24 -> 0 | K24: ='Bản xem trước'!K24:O24 -> 0 | O24: ='Bản xem trước'!O24 -> 0 | P24: =O24*K24 -> 0
B25: ='Bản xem trước'!B25 -> 0 | C25: ='Bản xem trước'!C25:G25 -> 0 | H25: ='Bản xem trước'!H25:J25 -> 0 | K25: ='Bản xem trước'!K25:O25 -> 0 | O25: ='Bản xem trước'!O25 -> 0 | P25: =O25*K25 -> 0
B26: ='Bản xem trước'!B26 -> 0 | C26: ='Bản xem trước'!C26:G26 -> 0 | H26: ='Bản xem trước'!H26:J26 -> 0 | K26: ='Bản xem trước'!K26:O26 -> 0 | O26: ='Bản xem trước'!O26 -> 0 | P26: =O26*K26 -> 0
B27: ='Bản xem trước'!B27 -> 0 | C27: ='Bản xem trước'!C27:G27 -> 0 | H27: ='Bản xem trước'!H27:J27 -> 0 | K27: ='Bản xem trước'!K27:O27 -> 0 | O27: ='Bản xem trước'!O27 -> 0 | P27: =O27*K27 -> 0
H28: Cộng tiền hàng: | P28: ='Bản xem trước'!P28 -> 0
E29: Thuế suất GTGT: | F29: ='Bản xem trước'!F29 -> 10 | H29: Tiền thuế GTGT: | P29: ='Bản xem trước'!P29 -> 0
H30: Tổng cộng tiền thanh toán: | P30: ='Bản xem trước'!P30 -> 0
E31: Số tiền viết bằng chữ: | F31: ='Bản xem trước'!F31 -> 0
C33: Người mua hàng | L33: Người bán hàng
C34: (Ký, ghi rõ họ tên) | L34: (Ký, đóng dấu, ghi rõ họ tên)
O37: ='Bản xem trước'!O37:Q37 -> Phạm Thị Loan
B38: (Cần kiểm tra, đối chiếu khi lập, giao, nhận hóa đơn)
B41: Loại hình | I41: Đơn vị tính | N41: Số lượng
B42: Kiểm định KTAT | I42: Cái
B43: Kiểm tra chất lượng hàng nhập khẩu | I43: H.Thống
B44: Đo điện trở tiếp địa | I44: TB
B45: Thiết kế móng
B46: Thí nghiệm
